id,first_name,last_name,birth_date,gender,monthly_salary
1,Troy,Glasscoe,1/14/1963,Male,5010
2,Helge,Espina,5/21/1957,Female,4977
3,Deeyn,MacConnechie,10/5/1952,Female,7018
4,Katharyn,Cribbin,4/28/1952,Female,4762
5,Byram,Cadreman,6/26/1986,Male,7235
6,Brendin,Maffezzoli,2/14/1999,Male,4986
7,Demetria,Dallin,9/26/1992,Female,6229
8,Aguistin,Ghelardi,2/15/1962,Male,6326
9,Rachele,Chaters,11/30/1950,Female,7365
10,Sherill,Ingleton,8/30/1976,Female,3160
11,Lida,Birckmann,11/5/1957,Female,6684
12,Vonny,Lyness,11/1/1974,Female,3275
13,Lorianna,Polson,2/19/1982,Female,5662
14,Goldia,Garden,7/26/1962,Female,4918
15,Quintin,Gallyhaock,9/6/1961,Male,7380
16,Gussi,Sainteau,3/27/1984,Female,4796
17,Torr,Loyndon,7/10/1968,Male,3281
18,Riannon,Brahmer,4/22/1988,Female,5890
19,Grange,Haslum,8/5/1961,Male,6535
20,Shay,McCathay,5/30/1974,Male,4945
21,Anne-marie,Tunny,4/13/1982,Female,5633
22,Hi,Godthaab,5/7/1960,Male,5438
23,Juana,Tomkins,8/31/1994,Female,5515
24,Johnnie,Eivers,10/8/1969,Male,4212
25,Sherie,Damant,3/16/1966,Female,6824
26,Welby,Jannings,1/26/1981,Male,6743
27,Perceval,Duguid,11/22/1993,Male,5219
28,Jay,Beggini,8/25/1983,Male,5415
29,Eadmund,Catling,2/18/1984,Male,6467
30,Chic,Goldbourn,8/28/1972,Male,7370
31,Avigdor,Calow,5/14/1998,Male,7222
32,Duff,Bettles,12/2/1978,Male,6485
33,Auguste,Clayal,8/22/1963,Female,3196
34,Sawyer,Tirrell,10/26/1998,Male,7936
35,Cesare,Franke,1/8/1960,Male,7206
36,Wilbur,McIvor,7/8/1985,Male,6576
37,Ilyse,McKillop,4/19/1986,Female,5498
38,Lise,Tomalin,3/24/1957,Female,5908
39,Antonietta,Antwis,10/9/1990,Female,6201
40,Layla,Goss,8/16/1974,Female,3031
41,Lonna,Goldspink,3/25/1987,Female,7152
42,Amos,Milesop,1/18/1983,Male,5729
43,Devin,Mattaser,8/19/1955,Male,3088
44,Emanuel,Carryer,5/29/1993,Male,5593
45,Leicester,Fruin,2/6/1965,Male,4409
46,Idette,Busson,11/26/1987,Female,5716
47,Grazia,Draper,10/21/1959,Female,5602
48,Dimitri,Klain,2/21/1987,Male,6260
49,Udale,Garnsey,7/7/1991,Male,6064
50,Mohandis,Mothersole,5/5/1981,Male,7936
51,Christian,Bohlsen,4/29/1975,Female,4866
52,Gigi,Frail,6/17/1987,Female,3486
53,Micki,Witcomb,11/12/1990,Female,7062
54,Darby,Southerns,2/11/1968,Male,5911
55,Whitney,Corn,1/22/1983,Female,3683
56,Thaddus,Van Velden,12/12/1961,Male,3892
57,Holt,Voller,2/25/1967,Male,4981
58,Ermanno,Colebeck,1/7/1987,Male,5805
59,Miquela,Shedd,6/9/1989,Female,3627
60,Stuart,Hyett,11/24/1966,Male,3925
61,Marguerite,Kittiman,12/3/1969,Female,5815
62,Bogey,Gurley,7/9/1962,Male,6259
63,Brandtr,Civitillo,6/3/1994,Male,4197
64,Hortense,Lutman,2/10/1970,Female,4686
65,Glenna,Stodhart,5/5/1976,Female,3736
66,Pavlov,Thain,12/12/1966,Male,7286
67,Staford,Van Arsdale,11/29/1950,Male,7679
68,Collen,Osmund,11/23/1995,Female,3973
69,Georgia,Draijer,9/27/1968,Female,4420
70,Paula,Tinsey,8/18/1983,Female,4022
71,Albert,Geindre,7/27/1956,Male,4730
72,Andrej,Danielut,12/17/1995,Male,3516
73,Dane,Dovydenas,11/29/1987,Male,7253
74,Isidor,Elverstone,9/20/1971,Male,4579
75,Jake,Gautrey,6/27/1958,Male,6819
76,Charmaine,Gimlet,4/13/1991,Female,5619
77,Bethena,Secrett,9/15/1967,Female,6479
78,Brynn,Speariett,8/23/1955,Female,3002
79,Maurits,Willmetts,7/10/1968,Male,6498
80,Antin,Figliovanni,8/27/1969,Male,5434
81,Cherey,Kirkland,9/20/1992,Female,4661
82,Claudelle,Hustler,3/31/1960,Female,3221
83,Boothe,Lightbourne,6/7/1950,Male,3270
84,Eb,Mazonowicz,3/7/1959,Male,5052
85,Sonnnie,Grigs,6/26/1996,Female,6696
86,Deedee,Bromont,10/10/1986,Female,5123
87,Inez,Treat,5/14/1993,Female,6397
88,Phip,Wilderspoon,2/23/1993,Male,3188
89,Regine,Brantzen,5/3/1982,Female,4587
90,Alanna,Freckelton,10/15/1970,Female,5719
91,Dorothea,Petheridge,6/22/1984,Female,5528
92,Andras,Shopcott,6/19/1957,Male,7851
93,Millie,Cogdon,6/25/1952,Female,3589
94,Vergil,Barus,8/28/1987,Male,4871
95,Eleni,Blest,3/28/1970,Female,4241
96,Cordy,Goodredge,12/10/1970,Female,5653
97,Ivonne,Ruff,1/11/1958,Female,5168
98,Demott,Gouldstraw,8/7/1984,Male,3694
99,Wat,Pirazzi,4/25/1963,Male,5950
100,Killie,Jellett,10/29/1961,Male,7501